52,Rafaela Rodrigues Martins,2016-5-18,filho,10,f
53,Luiza Souza Martins,2015-4-25,filho,10,m
54,Júlio Ribeiro Ribeiro,2016-7-19,filho,11,f
55,André Pereira Ribeiro,2015-8-25,conjuje,11,f
56,Mauricio Martins Ribeiro,2016-9-17,outro,11,m
57,Mauricio Mendes Lima,2015-9-25,filho,12,outro
58,José Almeida Lima,2013-1-20,filho,12,m
59,Rafaela Pereira Mendes,2013-8-21,conjuje,13,f
60,João Martins Mendes,2013-8-18,conjuje,13,outro
61,João Costa Mendes,2014-7-14,outro,13,outro
62,Carlos Morais Souza,2015-6-2,filho,14,f
63,Fernanda Fernandes Souza,2013-10-27,filho,14,outro
64,Pedro Santos Santos,2014-3-20,filho,15,m
65,Beatriz Gonçalves Santos,2013-1-12,filho,15,f
66,Gustavo Mendes Santos,2015-8-16,filho,15,m
67,João Morais Lima,2016-6-16,filho,16,m
68,Ricardo Ferreira Lima,2014-3-24,outro,16,f
69,Vinicius Almeida Rodrigues,2016-5-13,outro,17,m
70,Amanda Almeida Rodrigues,2016-10-1,filho,17,outro
71,Fernanda Costa Souza,2015-3-27,filho,18,outro
72,Jorge Vieira Souza,2014-1-8,outro,18,outro
73,Marcio Ribeiro Mendes,2016-7-17,filho,19,outro
74,Camila Souza Mendes,2014-7-1,filho,19,f
75,Marcio Barros Mendes,2015-6-21,filho,19,outro
76,André Gomes Oliveira,2014-4-22,conjuje,20,f
77,Gabriel Rodrigues Oliveira,2015-10-23,filho,20,m
78,Mauricio Martins Oliveira,2013-4-17,conjuje,20,outro
79,Cristina Dias Machado,2015-6-21,outro,21,f
80,Ana Nascimento Machado,2013-7-3,conjuje,21,m
81,José Costa Machado,2015-2-7,conjuje,21,f
82,Gustavo Carvalho Lima,2015-5-23,filho,22,outro
83,Clara Rocha Lima,2013-7-16,conjuje,22,f
84,Fernanda Ribeiro Lima,2013-2-3,conjuje,22,outro
85,Maria Vieira Almeida,2016-2-12,filho,23,f
86,Maria Fernandes Almeida,2016-9-19,outro,23,outro
87,André Morais Almeida,2014-5-21,filho,23,f
88,Clara Oliveira Silva,2016-3-18,conjuje,24,outro
89,Jorge Nascimento Silva,2013-5-5,conjuje,24,f
90,Camila Gonçalves Gomes,2013-10-11,conjuje,25,outro
91,Beatriz Silva Gomes,2016-10-26,filho,25,outro
92,José Fernandes Ferreira,2013-4-16,filho,26,m
93,Camila Martins Ferreira,2013-8-22,filho,26,outro
94,Lucas Rodrigues Carvalho,2016-9-17,outro,27,outro
95,Ricardo Vieira Carvalho,2013-2-6,filho,27,f
96,Vinicius Santos Carvalho,2015-5-13,filho,27,outro
97,Júlio Martins Silva,2016-2-12,outro,28,outro
98,Sophia Martins Silva,2013-1-17,filho,28,f
99,Marcio Fernandes Silva,2014-11-27,conjuje,28,m
100,Larissa Machado Oliveira,2013-1-8,filho,29,m
101,Gabriel Vieira Oliveira,2015-5-19,conjuje,29,outro
102,Mauricio Pereira Pereira,2016-8-6,conjuje,30,m
103,Clara Pereira Pereira,2014-9-16,filho,30,f
104,Maria Fernandes Barros,2015-10-21,filho,31,m
105,Mauricio Gonçalves Barros,2014-2-23,outro,31,outro
106,Beatriz Martins Barros,2016-8-18,conjuje,31,outro
107,Fernanda Ribeiro Martins,2015-3-26,filho,32,outro
108,Gabriel Lima Martins,2013-10-15,filho,32,m
109,André Santos Oliveira,2013-8-11,filho,33,outro
110,Rafaela Costa Oliveira,2014-5-26,outro,33,m
111,Rafael Gomes Oliveira,2014-10-14,conjuje,33,m
112,Luiza Lima Alves,2015-9-21,outro,34,f
113,Laura Almeida Alves,2016-9-3,conjuje,34,m
114,Lucas Fernandes Alves,2014-10-27,filho,34,outro
115,Júlia Rodrigues Almeida,2013-8-21,filho,35,outro
116,Luiza Souza Almeida,2015-10-17,filho,35,m
117,João Lima Almeida,2013-8-24,filho,35,m
118,Marcio Mendes Alves,2015-4-8,outro,36,f
119,João Souza Alves,2015-9-1,outro,36,outro
120,João Araújo Fernandes,2015-2-6,filho,37,m
121,José Silva Fernandes,2013-8-2,conjuje,37,f
122,Felipe Silva Almeida,2016-1-20,conjuje,38,m
123,Pedro Oliveira Almeida,2016-7-18,outro,38,m
124,Ricardo Machado Alves,2016-11-15,filho,39,f
125,Jorge Santos Alves,2014-4-18,conjuje,39,f
126,Luiza Gomes Alves,2014-3-22,conjuje,39,f
127,Vinicius Dias Rocha,2013-6-14,filho,40,f
128,Rafaela Silva Rocha,2013-5-3,conjuje,40,f
129,Fernanda Ferreira Rocha,2016-6-19,conjuje,40,outro
130,Ricardo Silva Costa,2015-8-4,filho,41,m
131,Larissa Rocha Costa,2015-3-10,conjuje,41,outro
132,Maria Fernandes Ribeiro,2016-11-27,outro,42,m
133,Amanda Vieira Ribeiro,2014-3-5,outro,42,outro
134,Mauricio Pereira Santos,2014-11-9,conjuje,43,m
135,Marcio Gonçalves Santos,2014-2-20,filho,43,m
136,Maria Araújo Almeida,2014-2-8,outro,44,m
137,Fernanda Pereira Almeida,2015-8-5,filho,44,f
138,Lucas Dias Alves,2015-6-14,conjuje,45,outro
139,Sophia Lima Alves,2014-3-12,filho,45,f
140,Lucas Rocha Araújo,2013-6-14,filho,46,m
141,Carlos Ferreira Araújo,2013-1-14,filho,46,outro
142,Gabriel Rodrigues Costa,2013-4-3,outro,47,m
143,Cristina Machado Costa,2015-11-25,outro,47,outro
144,Amanda Mendes Barros,2015-9-5,outro,48,f
145,José Souza Barros,2015-7-11,filho,48,f
146,Beatriz Silva Barros,2015-11-27,outro,48,m
147,Jorge Pereira Carvalho,2016-11-22,filho,49,outro
148,Clara Ferreira Carvalho,2013-7-21,filho,49,outro
149,Marcio Oliveira Alves,2015-2-11,filho,50,m
150,Jorge Mendes Alves,2013-9-14,filho,50,outro
151,João Araújo Ferreira,2014-8-27,outro,51,outro
152,Marcio Mendes Ferreira,2013-2-24,filho,51,outro
153,Larissa Souza Ferreira,2014-6-9,conjuje,51,m
